text,target
#Allah describes piling up #wealth thinking it would last #forever as the description of the people of #Hellfire in Surah Humaza. #Reflect,2
#foodscare #offers2go #NestleIndia slips into loss after #Magginoodle #ban unsafe and hazardous for #humanconsumption,2
.POTUS #StrategicPatience is a strategy for #Genocide; refugees; IDP Internally displaced people; horror; etc. https://t.co/rqWuoy1fm4,2
CLEARED:incident with injury:I-495  inner loop Exit 31 - MD 97/Georgia Ave Silver Spring,2
Caution: breathing may be hazardous to your health.,2
He came to a land which was engulfed in tribal war and turned it into a land of peace i.e. Madinah. #ProphetMuhammad #islam,2
Hellfire is surrounded by desires so be careful and donÛªt let your desires control you! #Afterlife,2
Hellfire! We donÛªt even want to think about it or mention it so letÛªs not do anything that leads to it #islam!,2
I Pledge Allegiance To The P.O.P.E. And The Burning Buildings of Epic City. ??????,2
In #islam saving a person is equal in reward to saving all humans! Islam is the opposite of terrorism!,2
Mmmmmm I'm burning.... I'm burning buildings I'm building.... Oooooohhhh oooh ooh...,2
RT NotExplained: The only known image of infamous hijacker D.B. Cooper. http://t.co/JlzK2HdeTG,2
The Prophet (peace be upon him) said 'Save yourself from Hellfire even if it is by giving half a date in charity.',2
To fight bioterrorism sir.,2
"Who is bringing the tornadoes and floods. Who is bringing the climate change. God is after America He is plaguing her
 
#FARRAKHAN #QUOTE",2
like for the music video I want some real action shit like burning buildings and police chases not some weak ben winston shit,2
that horrible sinking feeling when youÛªve been at home on your phone for a while and you realise its been on 3G this whole time,2
wowo--=== 12000 Nigerian refugees repatriated from Cameroon,2
